<?xml version="1.0" encoding="UTF-8"?>
<project-private xmlns="http://www.netbeans.org/ns/project-private/1">
    <editor-bookmarks xmlns="http://www.netbeans.org/ns/editor-bookmarks/2" lastBookmarkId="0"/>
    <open-files xmlns="http://www.netbeans.org/ns/projectui-open-files/2">
        <group>
            <file>file:/C:/Users/doguk/Desktop/dersler/java%20kodları/JavaApplication1/src/javaapplication1/LR.java</file>
            <file>file:/C:/Users/doguk/Desktop/dersler/java%20kodları/JavaApplication1/src/javaapplication1/JavaApplication1.java</file>
            <file>file:/C:/Users/doguk/Desktop/dersler/java%20kodları/JavaApplication1/src/javaapplication1/RegisterForm.java</file>
            <file>file:/C:/Users/doguk/Desktop/dersler/java%20kodları/JavaApplication1/src/javaapplication1/SAcc.java</file>
            <file>file:/C:/Users/doguk/Desktop/dersler/java%20kodları/JavaApplication1/src/javaapplication1/SelectingPanel.java</file>
        </group>
    </open-files>
</project-private>
